{
  "accuracy": 0.9777806155024901,
  "f1_score": 0.9778907242693774,
  "precision": 0.9730686559615628,
  "recall": 0.9827608223726216,
  "auc_roc": 0.9888145672987368,
  "confusion_matrix": [
    [
      15236,
      426
    ],
    [
      270,
      15392
    ]
  ]
}